seed_index,master_seed,random_sny,fixed_sny,adaptive_sny,adaptive_minus_random,adaptive_minus_fixed,fixed_minus_random
1,3885243241,4,5,7,+3,+2,+1
2,1704487720,6,9,9,+3,+0,+3
3,592379183,5,5,7,+2,+2,+0
4,1151400128,4,5,7,+3,+2,+1
5,3272561144,6,6,7,+1,+1,+0
6,3391624141,4,4,5,+1,+1,+0
7,3736130552,6,9,9,+3,+0,+3
8,3065082847,3,6,7,+4,+1,+3
9,2983125598,4,5,7,+3,+2,+1
10,142216931,6,6,7,+1,+1,+0
11,1007851318,6,8,8,+2,+0,+2
12,3069633350,3,6,6,+3,+0,+3
13,2272084942,6,7,7,+1,+0,+1
14,3735670268,2,5,5,+3,+0,+3
15,4175222997,5,6,7,+2,+1,+1
16,614416336,7,7,10,+3,+3,+0
17,4287176670,6,5,9,+3,+4,-1
18,2634949118,5,7,6,+1,-1,+2
19,4292498487,5,6,7,+2,+1,+1
20,416355318,2,4,5,+3,+1,+2
